ball_id,innings,over_number,ball_number,bowler_name,batsman_name,outcome,runs_scored,dismissal_type,dismissal_fielder,bowler_type,line,length,variation,bowler_crease,swing_direction,movement,spin_direction,bowling_speed_kmph,ball_age_phase,shot_type,footwork,contact_quality,edge_type,shot_direction,batsman_handedness,phase,raw_description
T20-IndvsEng-IndBat_i1_0_1,1,0,1,Avesh Khan,JJ Roy,dot,0,none,,unknown,unknown,unknown,none,unknown,unknown,unknown,unknown,,unknown,unknown,unknown,unknown,none,unknown,unknown,powerplay,[cricsheet] 0.1 Avesh Khan → JJ Roy runs=0
T20-IndvsEng-IndBat_i1_0_2,1,0,2,Avesh Khan,JJ Roy,dot,0,none,,unknown,unknown,unknown,none,unknown,unknown,unknown,unknown,,unknown,unknown,unknown,unknown,none,unknown,unknown,powerplay,[cricsheet] 0.2 Avesh Khan → JJ Roy runs=0
T20-IndvsEng-IndBat_i1_0_3,1,0,3,Avesh Khan,JJ Roy,dot,0,none,,unknown,unknown,unknown,none,unknown,unknown,unknown,unknown,,unknown,unknown,unknown,unknown,none,unknown,unknown,powerplay,[cricsheet] 0.3 Avesh Khan → JJ Roy runs=0
T20-IndvsEng-IndBat_i1_0_4,1,0,4,Avesh Khan,JJ Roy,2,2,none,,unknown,unknown,unknown,none,unknown,unknown,unknown,unknown,,unknown,unknown,unknown,unknown,none,unknown,unknown,powerplay,[cricsheet] 0.4 Avesh Khan → JJ Roy runs=2
T20-IndvsEng-IndBat_i1_0_5,1,0,5,Avesh Khan,JJ Roy,dot,0,none,,unknown,unknown,unknown,none,unknown,unknown,unknown,unknown,,unknown,unknown,unknown,unknown,none,unknown,unknown,powerplay,[cricsheet] 0.5 Avesh Khan → JJ Roy runs=0
T20-IndvsEng-IndBat_i1_0_6,1,0,6,Avesh Khan,JJ Roy,dot,0,none,,unknown,unknown,unknown,none,unknown,unknown,unknown,unknown,,unknown,unknown,unknown,unknown,none,unknown,unknown,powerplay,[cricsheet] 0.6 Avesh Khan → JJ Roy runs=0
T20-IndvsEng-IndBat_i1_1_1,1,1,1,Umran Malik,JC Buttler,4,4,none,,unknown,unknown,unknown,none,unknown,unknown,unknown,unknown,,unknown,unknown,unknown,unknown,none,unknown,unknown,powerplay,[cricsheet] 1.1 Umran Malik → JC Buttler runs=4
T20-IndvsEng-IndBat_i1_1_2,1,1,2,Umran Malik,JC Buttler,dot,0,none,,unknown,unknown,unknown,none,unknown,unknown,unknown,unknown,,unknown,unknown,unknown,unknown,none,unknown,unknown,powerplay,[cricsheet] 1.2 Umran Malik → JC Buttler runs=0
T20-IndvsEng-IndBat_i1_1_3,1,1,3,Umran Malik,JC Buttler,dot,0,none,,unknown,unknown,unknown,none,unknown,unknown,unknown,unknown,,unknown,unknown,unknown,unknown,none,unknown,unknown,powerplay,[cricsheet] 1.3 Umran Malik → JC Buttler runs=1
T20-IndvsEng-IndBat_i1_1_4,1,1,4,Umran Malik,JJ Roy,1,1,none,,unknown,unknown,unknown,none,unknown,unknown,unknown,unknown,,unknown,unknown,unknown,unknown,none,unknown,unknown,powerplay,[cricsheet] 1.4 Umran Malik → JJ Roy runs=1
T20-IndvsEng-IndBat_i1_1_5,1,1,5,Umran Malik,JC Buttler,6,6,none,,unknown,unknown,unknown,none,unknown,unknown,unknown,unknown,,unknown,unknown,unknown,unknown,none,unknown,unknown,powerplay,[cricsheet] 1.5 Umran Malik → JC Buttler runs=6
T20-IndvsEng-IndBat_i1_1_6,1,1,6,Umran Malik,JC Buttler,wide,0,none,,unknown,unknown,unknown,none,unknown,unknown,unknown,unknown,,unknown,unknown,unknown,unknown,none,unknown,unknown,powerplay,[cricsheet] 1.6 Umran Malik → JC Buttler runs=1
T20-IndvsEng-IndBat_i1_1_7,1,1,7,Umran Malik,JC Buttler,4,4,none,,unknown,unknown,unknown,none,unknown,unknown,unknown,unknown,,unknown,unknown,unknown,unknown,none,unknown,unknown,powerplay,[cricsheet] 1.7 Umran Malik → JC Buttler runs=4
T20-IndvsEng-IndBat_i1_2_1,1,2,1,Ravi Bishnoi,JJ Roy,dot,0,none,,unknown,unknown,unknown,none,unknown,unknown,unknown,unknown,,unknown,unknown,unknown,unknown,none,unknown,unknown,powerplay,[cricsheet] 2.1 Ravi Bishnoi → JJ Roy runs=0
T20-IndvsEng-IndBat_i1_2_2,1,2,2,Ravi Bishnoi,JJ Roy,dot,0,none,,unknown,unknown,unknown,none,unknown,unknown,unknown,unknown,,unknown,unknown,unknown,unknown,none,unknown,unknown,powerplay,[cricsheet] 2.2 Ravi Bishnoi → JJ Roy runs=0
T20-IndvsEng-IndBat_i1_2_3,1,2,3,Ravi Bishnoi,JJ Roy,dot,0,none,,unknown,unknown,unknown,none,unknown,unknown,unknown,unknown,,unknown,unknown,unknown,unknown,none,unknown,unknown,powerplay,[cricsheet] 2.3 Ravi Bishnoi → JJ Roy runs=0
T20-IndvsEng-IndBat_i1_2_4,1,2,4,Ravi Bishnoi,JJ Roy,1,1,none,,unknown,unknown,unknown,none,unknown,unknown,unknown,unknown,,unknown,unknown,unknown,unknown,none,unknown,unknown,powerplay,[cricsheet] 2.4 Ravi Bishnoi → JJ Roy runs=1
T20-IndvsEng-IndBat_i1_2_5,1,2,5,Ravi Bishnoi,JC Buttler,1,1,none,,unknown,unknown,unknown,none,unknown,unknown,unknown,unknown,,unknown,unknown,unknown,unknown,none,unknown,unknown,powerplay,[cricsheet] 2.5 Ravi Bishnoi → JC Buttler runs=1
T20-IndvsEng-IndBat_i1_2_6,1,2,6,Ravi Bishnoi,JJ Roy,6,6,none,,unknown,unknown,unknown,none,unknown,unknown,unknown,unknown,,unknown,unknown,unknown,unknown,none,unknown,unknown,powerplay,[cricsheet] 2.6 Ravi Bishnoi → JJ Roy runs=6
T20-IndvsEng-IndBat_i1_3_1,1,3,1,Avesh Khan,JC Buttler,3,3,none,,unknown,unknown,unknown,none,unknown,unknown,unknown,unknown,,unknown,unknown,unknown,unknown,none,unknown,unknown,powerplay,[cricsheet] 3.1 Avesh Khan → JC Buttler runs=3
T20-IndvsEng-IndBat_i1_3_2,1,3,2,Avesh Khan,JJ Roy,dot,0,none,,unknown,unknown,unknown,none,unknown,unknown,unknown,unknown,,unknown,unknown,unknown,unknown,none,unknown,unknown,powerplay,[cricsheet] 3.2 Avesh Khan → JJ Roy runs=1
T20-IndvsEng-IndBat_i1_3_3,1,3,3,Avesh Khan,JC Buttler,dot,0,none,,unknown,unknown,unknown,none,unknown,unknown,unknown,unknown,,unknown,unknown,unknown,unknown,none,unknown,unknown,powerplay,[cricsheet] 3.3 Avesh Khan → JC Buttler runs=0
T20-IndvsEng-IndBat_i1_3_4,1,3,4,Avesh Khan,JC Buttler,wicket,0,bowled,,unknown,unknown,unknown,none,unknown,unknown,unknown,unknown,,unknown,unknown,unknown,unknown,none,unknown,unknown,powerplay,[cricsheet] 3.4 Avesh Khan → JC Buttler runs=0 WICKET (bowled)
T20-IndvsEng-IndBat_i1_3_5,1,3,5,Avesh Khan,DJ Malan,dot,0,none,,unknown,unknown,unknown,none,unknown,unknown,unknown,unknown,,unknown,unknown,unknown,unknown,none,unknown,unknown,powerplay,[cricsheet] 3.5 Avesh Khan → DJ Malan runs=0
T20-IndvsEng-IndBat_i1_3_6,1,3,6,Avesh Khan,DJ Malan,wide,0,none,,unknown,unknown,unknown,none,unknown,unknown,unknown,unknown,,unknown,unknown,unknown,unknown,none,unknown,unknown,powerplay,[cricsheet] 3.6 Avesh Khan → DJ Malan runs=1
T20-IndvsEng-IndBat_i1_3_7,1,3,7,Avesh Khan,DJ Malan,dot,0,none,,unknown,unknown,unknown,none,unknown,unknown,unknown,unknown,,unknown,unknown,unknown,unknown,none,unknown,unknown,powerplay,[cricsheet] 3.7 Avesh Khan → DJ Malan runs=0
T20-IndvsEng-IndBat_i1_4_1,1,4,1,RA Jadeja,JJ Roy,6,6,none,,unknown,unknown,unknown,none,unknown,unknown,unknown,unknown,,unknown,unknown,unknown,unknown,none,unknown,unknown,powerplay,[cricsheet] 4.1 RA Jadeja → JJ Roy runs=6
T20-IndvsEng-IndBat_i1_4_2,1,4,2,RA Jadeja,JJ Roy,dot,0,none,,unknown,unknown,unknown,none,unknown,unknown,unknown,unknown,,unknown,unknown,unknown,unknown,none,unknown,unknown,powerplay,[cricsheet] 4.2 RA Jadeja → JJ Roy runs=0
T20-IndvsEng-IndBat_i1_4_3,1,4,3,RA Jadeja,JJ Roy,4,4,none,,unknown,unknown,unknown,none,unknown,unknown,unknown,unknown,,unknown,unknown,unknown,unknown,none,unknown,unknown,powerplay,[cricsheet] 4.3 RA Jadeja → JJ Roy runs=4
T20-IndvsEng-IndBat_i1_4_4,1,4,4,RA Jadeja,JJ Roy,dot,0,none,,unknown,unknown,unknown,none,unknown,unknown,unknown,unknown,,unknown,unknown,unknown,unknown,none,unknown,unknown,powerplay,[cricsheet] 4.4 RA Jadeja → JJ Roy runs=0
T20-IndvsEng-IndBat_i1_4_5,1,4,5,RA Jadeja,JJ Roy,dot,0,none,,unknown,unknown,unknown,none,unknown,unknown,unknown,unknown,,unknown,unknown,unknown,unknown,none,unknown,unknown,powerplay,[cricsheet] 4.5 RA Jadeja → JJ Roy runs=0
T20-IndvsEng-IndBat_i1_4_6,1,4,6,RA Jadeja,JJ Roy,1,1,none,,unknown,unknown,unknown,none,unknown,unknown,unknown,unknown,,unknown,unknown,unknown,unknown,none,unknown,unknown,powerplay,[cricsheet] 4.6 RA Jadeja → JJ Roy runs=1
T20-IndvsEng-IndBat_i1_5_1,1,5,1,HV Patel,JJ Roy,1,1,none,,unknown,unknown,unknown,none,unknown,unknown,unknown,unknown,,unknown,unknown,unknown,unknown,none,unknown,unknown,powerplay,[cricsheet] 5.1 HV Patel → JJ Roy runs=1
T20-IndvsEng-IndBat_i1_5_2,1,5,2,HV Patel,DJ Malan,4,4,none,,unknown,unknown,unknown,none,unknown,unknown,unknown,unknown,,unknown,unknown,unknown,unknown,none,unknown,unknown,powerplay,[cricsheet] 5.2 HV Patel → DJ Malan runs=4
T20-IndvsEng-IndBat_i1_5_3,1,5,3,HV Patel,DJ Malan,dot,0,none,,unknown,unknown,unknown,none,unknown,unknown,unknown,unknown,,unknown,unknown,unknown,unknown,none,unknown,unknown,powerplay,[cricsheet] 5.3 HV Patel → DJ Malan runs=0
T20-IndvsEng-IndBat_i1_5_4,1,5,4,HV Patel,DJ Malan,2,2,none,,unknown,unknown,unknown,none,unknown,unknown,unknown,unknown,,unknown,unknown,unknown,unknown,none,unknown,unknown,powerplay,[cricsheet] 5.4 HV Patel → DJ Malan runs=2
T20-IndvsEng-IndBat_i1_5_5,1,5,5,HV Patel,DJ Malan,1,1,none,,unknown,unknown,unknown,none,unknown,unknown,unknown,unknown,,unknown,unknown,unknown,unknown,none,unknown,unknown,powerplay,[cricsheet] 5.5 HV Patel → DJ Malan runs=1
T20-IndvsEng-IndBat_i1_5_6,1,5,6,HV Patel,JJ Roy,1,1,none,,unknown,unknown,unknown,none,unknown,unknown,unknown,unknown,,unknown,unknown,unknown,unknown,none,unknown,unknown,powerplay,[cricsheet] 5.6 HV Patel → JJ Roy runs=1
T20-IndvsEng-IndBat_i1_6_1,1,6,1,Ravi Bishnoi,JJ Roy,2,2,none,,unknown,unknown,unknown,none,unknown,unknown,unknown,unknown,,unknown,unknown,unknown,unknown,none,unknown,unknown,middle_overs,[cricsheet] 6.1 Ravi Bishnoi → JJ Roy runs=2
T20-IndvsEng-IndBat_i1_6_2,1,6,2,Ravi Bishnoi,JJ Roy,1,1,none,,unknown,unknown,unknown,none,unknown,unknown,unknown,unknown,,unknown,unknown,unknown,unknown,none,unknown,unknown,middle_overs,[cricsheet] 6.2 Ravi Bishnoi → JJ Roy runs=1
T20-IndvsEng-IndBat_i1_6_3,1,6,3,Ravi Bishnoi,DJ Malan,4,4,none,,unknown,unknown,unknown,none,unknown,unknown,unknown,unknown,,unknown,unknown,unknown,unknown,none,unknown,unknown,middle_overs,[cricsheet] 6.3 Ravi Bishnoi → DJ Malan runs=4
T20-IndvsEng-IndBat_i1_6_4,1,6,4,Ravi Bishnoi,DJ Malan,1,1,none,,unknown,unknown,unknown,none,unknown,unknown,unknown,unknown,,unknown,unknown,unknown,unknown,none,unknown,unknown,middle_overs,[cricsheet] 6.4 Ravi Bishnoi → DJ Malan runs=1
T20-IndvsEng-IndBat_i1_6_5,1,6,5,Ravi Bishnoi,JJ Roy,dot,0,none,,unknown,unknown,unknown,none,unknown,unknown,unknown,unknown,,unknown,unknown,unknown,unknown,none,unknown,unknown,middle_overs,[cricsheet] 6.5 Ravi Bishnoi → JJ Roy runs=0
T20-IndvsEng-IndBat_i1_6_6,1,6,6,Ravi Bishnoi,JJ Roy,1,1,none,,unknown,unknown,unknown,none,unknown,unknown,unknown,unknown,,unknown,unknown,unknown,unknown,none,unknown,unknown,middle_overs,[cricsheet] 6.6 Ravi Bishnoi → JJ Roy runs=1
T20-IndvsEng-IndBat_i1_7_1,1,7,1,Umran Malik,JJ Roy,wicket,0,caught,RR Pant,unknown,unknown,unknown,none,unknown,unknown,unknown,unknown,,unknown,unknown,unknown,unknown,none,unknown,unknown,middle_overs,[cricsheet] 7.1 Umran Malik → JJ Roy runs=0 WICKET (caught)
T20-IndvsEng-IndBat_i1_7_2,1,7,2,Umran Malik,PD Salt,4,4,none,,unknown,unknown,unknown,none,unknown,unknown,unknown,unknown,,unknown,unknown,unknown,unknown,none,unknown,unknown,middle_overs,[cricsheet] 7.2 Umran Malik → PD Salt runs=4
T20-IndvsEng-IndBat_i1_7_3,1,7,3,Umran Malik,PD Salt,wide,0,none,,unknown,unknown,unknown,none,unknown,unknown,unknown,unknown,,unknown,unknown,unknown,unknown,none,unknown,unknown,middle_overs,[cricsheet] 7.3 Umran Malik → PD Salt runs=1
T20-IndvsEng-IndBat_i1_7_4,1,7,4,Umran Malik,PD Salt,1,1,none,,unknown,unknown,unknown,none,unknown,unknown,unknown,unknown,,unknown,unknown,unknown,unknown,none,unknown,unknown,middle_overs,[cricsheet] 7.4 Umran Malik → PD Salt runs=1
T20-IndvsEng-IndBat_i1_7_5,1,7,5,Umran Malik,DJ Malan,dot,0,none,,unknown,unknown,unknown,none,unknown,unknown,unknown,unknown,,unknown,unknown,unknown,unknown,none,unknown,unknown,middle_overs,[cricsheet] 7.5 Umran Malik → DJ Malan runs=0
T20-IndvsEng-IndBat_i1_7_6,1,7,6,Umran Malik,DJ Malan,4,4,none,,unknown,unknown,unknown,none,unknown,unknown,unknown,unknown,,unknown,unknown,unknown,unknown,none,unknown,unknown,middle_overs,[cricsheet] 7.6 Umran Malik → DJ Malan runs=4
T20-IndvsEng-IndBat_i1_7_7,1,7,7,Umran Malik,DJ Malan,dot,0,none,,unknown,unknown,unknown,none,unknown,unknown,unknown,unknown,,unknown,unknown,unknown,unknown,none,unknown,unknown,middle_overs,[cricsheet] 7.7 Umran Malik → DJ Malan runs=0
T20-IndvsEng-IndBat_i1_8_1,1,8,1,RA Jadeja,PD Salt,1,1,none,,unknown,unknown,unknown,none,unknown,unknown,unknown,unknown,,unknown,unknown,unknown,unknown,none,unknown,unknown,middle_overs,[cricsheet] 8.1 RA Jadeja → PD Salt runs=1
T20-IndvsEng-IndBat_i1_8_2,1,8,2,RA Jadeja,DJ Malan,6,6,none,,unknown,unknown,unknown,none,unknown,unknown,unknown,unknown,,unknown,unknown,unknown,unknown,none,unknown,unknown,middle_overs,[cricsheet] 8.2 RA Jadeja → DJ Malan runs=6
T20-IndvsEng-IndBat_i1_8_3,1,8,3,RA Jadeja,DJ Malan,dot,0,none,,unknown,unknown,unknown,none,unknown,unknown,unknown,unknown,,unknown,unknown,unknown,unknown,none,unknown,unknown,middle_overs,[cricsheet] 8.3 RA Jadeja → DJ Malan runs=0
T20-IndvsEng-IndBat_i1_8_4,1,8,4,RA Jadeja,DJ Malan,2,2,none,,unknown,unknown,unknown,none,unknown,unknown,unknown,unknown,,unknown,unknown,unknown,unknown,none,unknown,unknown,middle_overs,[cricsheet] 8.4 RA Jadeja → DJ Malan runs=2
T20-IndvsEng-IndBat_i1_8_5,1,8,5,RA Jadeja,DJ Malan,1,1,none,,unknown,unknown,unknown,none,unknown,unknown,unknown,unknown,,unknown,unknown,unknown,unknown,none,unknown,unknown,middle_overs,[cricsheet] 8.5 RA Jadeja → DJ Malan runs=1
T20-IndvsEng-IndBat_i1_8_6,1,8,6,RA Jadeja,PD Salt,1,1,none,,unknown,unknown,unknown,none,unknown,unknown,unknown,unknown,,unknown,unknown,unknown,unknown,none,unknown,unknown,middle_overs,[cricsheet] 8.6 RA Jadeja → PD Salt runs=1
T20-IndvsEng-IndBat_i1_9_1,1,9,1,HV Patel,PD Salt,1,1,none,,unknown,unknown,unknown,none,unknown,unknown,unknown,unknown,,unknown,unknown,unknown,unknown,none,unknown,unknown,middle_overs,[cricsheet] 9.1 HV Patel → PD Salt runs=1
T20-IndvsEng-IndBat_i1_9_2,1,9,2,HV Patel,DJ Malan,1,1,none,,unknown,unknown,unknown,none,unknown,unknown,unknown,unknown,,unknown,unknown,unknown,unknown,none,unknown,unknown,middle_overs,[cricsheet] 9.2 HV Patel → DJ Malan runs=1
T20-IndvsEng-IndBat_i1_9_3,1,9,3,HV Patel,PD Salt,wicket,0,bowled,,unknown,unknown,unknown,none,unknown,unknown,unknown,unknown,,unknown,unknown,unknown,unknown,none,unknown,unknown,middle_overs,[cricsheet] 9.3 HV Patel → PD Salt runs=0 WICKET (bowled)
T20-IndvsEng-IndBat_i1_9_4,1,9,4,HV Patel,LS Livingstone,1,1,none,,unknown,unknown,unknown,none,unknown,unknown,unknown,unknown,,unknown,unknown,unknown,unknown,none,unknown,unknown,middle_overs,[cricsheet] 9.4 HV Patel → LS Livingstone runs=1
T20-IndvsEng-IndBat_i1_9_5,1,9,5,HV Patel,DJ Malan,1,1,none,,unknown,unknown,unknown,none,unknown,unknown,unknown,unknown,,unknown,unknown,unknown,unknown,none,unknown,unknown,middle_overs,[cricsheet] 9.5 HV Patel → DJ Malan runs=1
T20-IndvsEng-IndBat_i1_9_6,1,9,6,HV Patel,LS Livingstone,dot,0,none,,unknown,unknown,unknown,none,unknown,unknown,unknown,unknown,,unknown,unknown,unknown,unknown,none,unknown,unknown,middle_overs,[cricsheet] 9.6 HV Patel → LS Livingstone runs=0
T20-IndvsEng-IndBat_i1_10_1,1,10,1,Ravi Bishnoi,DJ Malan,dot,0,none,,unknown,unknown,unknown,none,unknown,unknown,unknown,unknown,,unknown,unknown,unknown,unknown,none,unknown,unknown,middle_overs,[cricsheet] 10.1 Ravi Bishnoi → DJ Malan runs=0
T20-IndvsEng-IndBat_i1_10_2,1,10,2,Ravi Bishnoi,DJ Malan,dot,0,none,,unknown,unknown,unknown,none,unknown,unknown,unknown,unknown,,unknown,unknown,unknown,unknown,none,unknown,unknown,middle_overs,[cricsheet] 10.2 Ravi Bishnoi → DJ Malan runs=0
T20-IndvsEng-IndBat_i1_10_3,1,10,3,Ravi Bishnoi,DJ Malan,2,2,none,,unknown,unknown,unknown,none,unknown,unknown,unknown,unknown,,unknown,unknown,unknown,unknown,none,unknown,unknown,middle_overs,[cricsheet] 10.3 Ravi Bishnoi → DJ Malan runs=2
T20-IndvsEng-IndBat_i1_10_4,1,10,4,Ravi Bishnoi,DJ Malan,no_ball,4,none,,unknown,unknown,unknown,none,unknown,unknown,unknown,unknown,,unknown,unknown,unknown,unknown,none,unknown,unknown,middle_overs,[cricsheet] 10.4 Ravi Bishnoi → DJ Malan runs=5
T20-IndvsEng-IndBat_i1_10_5,1,10,5,Ravi Bishnoi,DJ Malan,1,1,none,,unknown,unknown,unknown,none,unknown,unknown,unknown,unknown,,unknown,unknown,unknown,unknown,none,unknown,unknown,middle_overs,[cricsheet] 10.5 Ravi Bishnoi → DJ Malan runs=1
T20-IndvsEng-IndBat_i1_10_6,1,10,6,Ravi Bishnoi,LS Livingstone,1,1,none,,unknown,unknown,unknown,none,unknown,unknown,unknown,unknown,,unknown,unknown,unknown,unknown,none,unknown,unknown,middle_overs,[cricsheet] 10.6 Ravi Bishnoi → LS Livingstone runs=1
T20-IndvsEng-IndBat_i1_10_7,1,10,7,Ravi Bishnoi,DJ Malan,3,3,none,,unknown,unknown,unknown,none,unknown,unknown,unknown,unknown,,unknown,unknown,unknown,unknown,none,unknown,unknown,middle_overs,[cricsheet] 10.7 Ravi Bishnoi → DJ Malan runs=3
T20-IndvsEng-IndBat_i1_11_1,1,11,1,RA Jadeja,DJ Malan,4,4,none,,unknown,unknown,unknown,none,unknown,unknown,unknown,unknown,,unknown,unknown,unknown,unknown,none,unknown,unknown,middle_overs,[cricsheet] 11.1 RA Jadeja → DJ Malan runs=4
T20-IndvsEng-IndBat_i1_11_2,1,11,2,RA Jadeja,DJ Malan,6,6,none,,unknown,unknown,unknown,none,unknown,unknown,unknown,unknown,,unknown,unknown,unknown,unknown,none,unknown,unknown,middle_overs,[cricsheet] 11.2 RA Jadeja → DJ Malan runs=6
T20-IndvsEng-IndBat_i1_11_3,1,11,3,RA Jadeja,DJ Malan,1,1,none,,unknown,unknown,unknown,none,unknown,unknown,unknown,unknown,,unknown,unknown,unknown,unknown,none,unknown,unknown,middle_overs,[cricsheet] 11.3 RA Jadeja → DJ Malan runs=1
T20-IndvsEng-IndBat_i1_11_4,1,11,4,RA Jadeja,LS Livingstone,1,1,none,,unknown,unknown,unknown,none,unknown,unknown,unknown,unknown,,unknown,unknown,unknown,unknown,none,unknown,unknown,middle_overs,[cricsheet] 11.4 RA Jadeja → LS Livingstone runs=1
T20-IndvsEng-IndBat_i1_11_5,1,11,5,RA Jadeja,DJ Malan,dot,0,none,,unknown,unknown,unknown,none,unknown,unknown,unknown,unknown,,unknown,unknown,unknown,unknown,none,unknown,unknown,middle_overs,[cricsheet] 11.5 RA Jadeja → DJ Malan runs=0
T20-IndvsEng-IndBat_i1_11_6,1,11,6,RA Jadeja,DJ Malan,1,1,none,,unknown,unknown,unknown,none,unknown,unknown,unknown,unknown,,unknown,unknown,unknown,unknown,none,unknown,unknown,middle_overs,[cricsheet] 11.6 RA Jadeja → DJ Malan runs=1
T20-IndvsEng-IndBat_i1_12_1,1,12,1,Umran Malik,DJ Malan,dot,0,none,,unknown,unknown,unknown,none,unknown,unknown,unknown,unknown,,unknown,unknown,unknown,unknown,none,unknown,unknown,middle_overs,[cricsheet] 12.1 Umran Malik → DJ Malan runs=0
T20-IndvsEng-IndBat_i1_12_2,1,12,2,Umran Malik,DJ Malan,2,2,none,,unknown,unknown,unknown,none,unknown,unknown,unknown,unknown,,unknown,unknown,unknown,unknown,none,unknown,unknown,middle_overs,[cricsheet] 12.2 Umran Malik → DJ Malan runs=2
T20-IndvsEng-IndBat_i1_12_3,1,12,3,Umran Malik,DJ Malan,4,4,none,,unknown,unknown,unknown,none,unknown,unknown,unknown,unknown,,unknown,unknown,unknown,unknown,none,unknown,unknown,middle_overs,[cricsheet] 12.3 Umran Malik → DJ Malan runs=4
T20-IndvsEng-IndBat_i1_12_4,1,12,4,Umran Malik,DJ Malan,6,6,none,,unknown,unknown,unknown,none,unknown,unknown,unknown,unknown,,unknown,unknown,unknown,unknown,none,unknown,unknown,middle_overs,[cricsheet] 12.4 Umran Malik → DJ Malan runs=6
T20-IndvsEng-IndBat_i1_12_5,1,12,5,Umran Malik,DJ Malan,1,1,none,,unknown,unknown,unknown,none,unknown,unknown,unknown,unknown,,unknown,unknown,unknown,unknown,none,unknown,unknown,middle_overs,[cricsheet] 12.5 Umran Malik → DJ Malan runs=1
T20-IndvsEng-IndBat_i1_12_6,1,12,6,Umran Malik,LS Livingstone,1,1,none,,unknown,unknown,unknown,none,unknown,unknown,unknown,unknown,,unknown,unknown,unknown,unknown,none,unknown,unknown,middle_overs,[cricsheet] 12.6 Umran Malik → LS Livingstone runs=1
T20-IndvsEng-IndBat_i1_13_1,1,13,1,Avesh Khan,LS Livingstone,6,6,none,,unknown,unknown,unknown,none,unknown,unknown,unknown,unknown,,unknown,unknown,unknown,unknown,none,unknown,unknown,middle_overs,[cricsheet] 13.1 Avesh Khan → LS Livingstone runs=6
T20-IndvsEng-IndBat_i1_13_2,1,13,2,Avesh Khan,LS Livingstone,2,2,none,,unknown,unknown,unknown,none,unknown,unknown,unknown,unknown,,unknown,unknown,unknown,unknown,none,unknown,unknown,middle_overs,[cricsheet] 13.2 Avesh Khan → LS Livingstone runs=2
T20-IndvsEng-IndBat_i1_13_3,1,13,3,Avesh Khan,LS Livingstone,dot,0,none,,unknown,unknown,unknown,none,unknown,unknown,unknown,unknown,,unknown,unknown,unknown,unknown,none,unknown,unknown,middle_overs,[cricsheet] 13.3 Avesh Khan → LS Livingstone runs=0
T20-IndvsEng-IndBat_i1_13_4,1,13,4,Avesh Khan,LS Livingstone,1,1,none,,unknown,unknown,unknown,none,unknown,unknown,unknown,unknown,,unknown,unknown,unknown,unknown,none,unknown,unknown,middle_overs,[cricsheet] 13.4 Avesh Khan → LS Livingstone runs=1
T20-IndvsEng-IndBat_i1_13_5,1,13,5,Avesh Khan,DJ Malan,2,2,none,,unknown,unknown,unknown,none,unknown,unknown,unknown,unknown,,unknown,unknown,unknown,unknown,none,unknown,unknown,middle_overs,[cricsheet] 13.5 Avesh Khan → DJ Malan runs=2
T20-IndvsEng-IndBat_i1_13_6,1,13,6,Avesh Khan,DJ Malan,6,6,none,,unknown,unknown,unknown,none,unknown,unknown,unknown,unknown,,unknown,unknown,unknown,unknown,none,unknown,unknown,middle_overs,[cricsheet] 13.6 Avesh Khan → DJ Malan runs=6
T20-IndvsEng-IndBat_i1_14_1,1,14,1,RA Jadeja,LS Livingstone,1,1,none,,unknown,unknown,unknown,none,unknown,unknown,unknown,unknown,,unknown,unknown,unknown,unknown,none,unknown,unknown,middle_overs,[cricsheet] 14.1 RA Jadeja → LS Livingstone runs=1
T20-IndvsEng-IndBat_i1_14_2,1,14,2,RA Jadeja,DJ Malan,6,6,none,,unknown,unknown,unknown,none,unknown,unknown,unknown,unknown,,unknown,unknown,unknown,unknown,none,unknown,unknown,middle_overs,[cricsheet] 14.2 RA Jadeja → DJ Malan runs=6
T20-IndvsEng-IndBat_i1_14_3,1,14,3,RA Jadeja,DJ Malan,1,1,none,,unknown,unknown,unknown,none,unknown,unknown,unknown,unknown,,unknown,unknown,unknown,unknown,none,unknown,unknown,middle_overs,[cricsheet] 14.3 RA Jadeja → DJ Malan runs=1
T20-IndvsEng-IndBat_i1_14_4,1,14,4,RA Jadeja,LS Livingstone,wide,0,none,,unknown,unknown,unknown,none,unknown,unknown,unknown,unknown,,unknown,unknown,unknown,unknown,none,unknown,unknown,middle_overs,[cricsheet] 14.4 RA Jadeja → LS Livingstone runs=1
T20-IndvsEng-IndBat_i1_14_5,1,14,5,RA Jadeja,LS Livingstone,dot,0,none,,unknown,unknown,unknown,none,unknown,unknown,unknown,unknown,,unknown,unknown,unknown,unknown,none,unknown,unknown,middle_overs,[cricsheet] 14.5 RA Jadeja → LS Livingstone runs=0
T20-IndvsEng-IndBat_i1_14_6,1,14,6,RA Jadeja,LS Livingstone,dot,0,none,,unknown,unknown,unknown,none,unknown,unknown,unknown,unknown,,unknown,unknown,unknown,unknown,none,unknown,unknown,middle_overs,[cricsheet] 14.6 RA Jadeja → LS Livingstone runs=0
T20-IndvsEng-IndBat_i1_14_7,1,14,7,RA Jadeja,LS Livingstone,1,1,none,,unknown,unknown,unknown,none,unknown,unknown,unknown,unknown,,unknown,unknown,unknown,unknown,none,unknown,unknown,middle_overs,[cricsheet] 14.7 RA Jadeja → LS Livingstone runs=1
T20-IndvsEng-IndBat_i1_15_1,1,15,1,HV Patel,LS Livingstone,2,2,none,,unknown,unknown,unknown,none,unknown,unknown,unknown,unknown,,unknown,unknown,unknown,unknown,none,unknown,unknown,death,[cricsheet] 15.1 HV Patel → LS Livingstone runs=2
T20-IndvsEng-IndBat_i1_15_2,1,15,2,HV Patel,LS Livingstone,dot,0,none,,unknown,unknown,unknown,none,unknown,unknown,unknown,unknown,,unknown,unknown,unknown,unknown,none,unknown,unknown,death,[cricsheet] 15.2 HV Patel → LS Livingstone runs=0
T20-IndvsEng-IndBat_i1_15_3,1,15,3,HV Patel,LS Livingstone,6,6,none,,unknown,unknown,unknown,none,unknown,unknown,unknown,unknown,,unknown,unknown,unknown,unknown,none,unknown,unknown,death,[cricsheet] 15.3 HV Patel → LS Livingstone runs=6
T20-IndvsEng-IndBat_i1_15_4,1,15,4,HV Patel,LS Livingstone,6,6,none,,unknown,unknown,unknown,none,unknown,unknown,unknown,unknown,,unknown,unknown,unknown,unknown,none,unknown,unknown,death,[cricsheet] 15.4 HV Patel → LS Livingstone runs=6
T20-IndvsEng-IndBat_i1_15_5,1,15,5,HV Patel,LS Livingstone,dot,0,none,,unknown,unknown,unknown,none,unknown,unknown,unknown,unknown,,unknown,unknown,unknown,unknown,none,unknown,unknown,death,[cricsheet] 15.5 HV Patel → LS Livingstone runs=1
T20-IndvsEng-IndBat_i1_15_6,1,15,6,HV Patel,DJ Malan,dot,0,none,,unknown,unknown,unknown,none,unknown,unknown,unknown,unknown,,unknown,unknown,unknown,unknown,none,unknown,unknown,death,[cricsheet] 15.6 HV Patel → DJ Malan runs=0
T20-IndvsEng-IndBat_i1_16_1,1,16,1,Ravi Bishnoi,LS Livingstone,dot,0,none,,unknown,unknown,unknown,none,unknown,unknown,unknown,unknown,,unknown,unknown,unknown,unknown,none,unknown,unknown,death,[cricsheet] 16.1 Ravi Bishnoi → LS Livingstone runs=0
T20-IndvsEng-IndBat_i1_16_2,1,16,2,Ravi Bishnoi,LS Livingstone,dot,0,none,,unknown,unknown,unknown,none,unknown,unknown,unknown,unknown,,unknown,unknown,unknown,unknown,none,unknown,unknown,death,[cricsheet] 16.2 Ravi Bishnoi → LS Livingstone runs=1
T20-IndvsEng-IndBat_i1_16_3,1,16,3,Ravi Bishnoi,DJ Malan,wicket,0,caught,RR Pant,unknown,unknown,unknown,none,unknown,unknown,unknown,unknown,,unknown,unknown,unknown,unknown,none,unknown,unknown,death,[cricsheet] 16.3 Ravi Bishnoi → DJ Malan runs=0 WICKET (caught)
T20-IndvsEng-IndBat_i1_16_4,1,16,4,Ravi Bishnoi,LS Livingstone,1,1,none,,unknown,unknown,unknown,none,unknown,unknown,unknown,unknown,,unknown,unknown,unknown,unknown,none,unknown,unknown,death,[cricsheet] 16.4 Ravi Bishnoi → LS Livingstone runs=1
T20-IndvsEng-IndBat_i1_16_5,1,16,5,Ravi Bishnoi,MM Ali,wicket,0,caught,HV Patel,unknown,unknown,unknown,none,unknown,unknown,unknown,unknown,,unknown,unknown,unknown,unknown,none,unknown,unknown,death,[cricsheet] 16.5 Ravi Bishnoi → MM Ali runs=0 WICKET (caught)
T20-IndvsEng-IndBat_i1_16_6,1,16,6,Ravi Bishnoi,LS Livingstone,dot,0,none,,unknown,unknown,unknown,none,unknown,unknown,unknown,unknown,,unknown,unknown,unknown,unknown,none,unknown,unknown,death,[cricsheet] 16.6 Ravi Bishnoi → LS Livingstone runs=0
T20-IndvsEng-IndBat_i1_17_1,1,17,1,Avesh Khan,HC Brook,4,4,none,,unknown,unknown,unknown,none,unknown,unknown,unknown,unknown,,unknown,unknown,unknown,unknown,none,unknown,unknown,death,[cricsheet] 17.1 Avesh Khan → HC Brook runs=4
T20-IndvsEng-IndBat_i1_17_2,1,17,2,Avesh Khan,HC Brook,no_ball,4,none,,unknown,unknown,unknown,none,unknown,unknown,unknown,unknown,,unknown,unknown,unknown,unknown,none,unknown,unknown,death,[cricsheet] 17.2 Avesh Khan → HC Brook runs=5
T20-IndvsEng-IndBat_i1_17_3,1,17,3,Avesh Khan,HC Brook,2,2,none,,unknown,unknown,unknown,none,unknown,unknown,unknown,unknown,,unknown,unknown,unknown,unknown,none,unknown,unknown,death,[cricsheet] 17.3 Avesh Khan → HC Brook runs=2
T20-IndvsEng-IndBat_i1_17_4,1,17,4,Avesh Khan,HC Brook,2,2,none,,unknown,unknown,unknown,none,unknown,unknown,unknown,unknown,,unknown,unknown,unknown,unknown,none,unknown,unknown,death,[cricsheet] 17.4 Avesh Khan → HC Brook runs=2
T20-IndvsEng-IndBat_i1_17_5,1,17,5,Avesh Khan,HC Brook,1,1,none,,unknown,unknown,unknown,none,unknown,unknown,unknown,unknown,,unknown,unknown,unknown,unknown,none,unknown,unknown,death,[cricsheet] 17.5 Avesh Khan → HC Brook runs=1
T20-IndvsEng-IndBat_i1_17_6,1,17,6,Avesh Khan,LS Livingstone,6,6,none,,unknown,unknown,unknown,none,unknown,unknown,unknown,unknown,,unknown,unknown,unknown,unknown,none,unknown,unknown,death,[cricsheet] 17.6 Avesh Khan → LS Livingstone runs=6
T20-IndvsEng-IndBat_i1_17_7,1,17,7,Avesh Khan,LS Livingstone,dot,0,none,,unknown,unknown,unknown,none,unknown,unknown,unknown,unknown,,unknown,unknown,unknown,unknown,none,unknown,unknown,death,[cricsheet] 17.7 Avesh Khan → LS Livingstone runs=1
T20-IndvsEng-IndBat_i1_18_1,1,18,1,HV Patel,LS Livingstone,1,1,none,,unknown,unknown,unknown,none,unknown,unknown,unknown,unknown,,unknown,unknown,unknown,unknown,none,unknown,unknown,death,[cricsheet] 18.1 HV Patel → LS Livingstone runs=1
T20-IndvsEng-IndBat_i1_18_2,1,18,2,HV Patel,HC Brook,2,2,none,,unknown,unknown,unknown,none,unknown,unknown,unknown,unknown,,unknown,unknown,unknown,unknown,none,unknown,unknown,death,[cricsheet] 18.2 HV Patel → HC Brook runs=2
T20-IndvsEng-IndBat_i1_18_3,1,18,3,HV Patel,HC Brook,4,4,none,,unknown,unknown,unknown,none,unknown,unknown,unknown,unknown,,unknown,unknown,unknown,unknown,none,unknown,unknown,death,[cricsheet] 18.3 HV Patel → HC Brook runs=4
T20-IndvsEng-IndBat_i1_18_4,1,18,4,HV Patel,HC Brook,dot,0,none,,unknown,unknown,unknown,none,unknown,unknown,unknown,unknown,,unknown,unknown,unknown,unknown,none,unknown,unknown,death,[cricsheet] 18.4 HV Patel → HC Brook runs=0
T20-IndvsEng-IndBat_i1_18_5,1,18,5,HV Patel,HC Brook,wicket,0,caught,Ravi Bishnoi,unknown,unknown,unknown,none,unknown,unknown,unknown,unknown,,unknown,unknown,unknown,unknown,none,unknown,unknown,death,[cricsheet] 18.5 HV Patel → HC Brook runs=0 WICKET (caught)
T20-IndvsEng-IndBat_i1_18_6,1,18,6,HV Patel,LS Livingstone,1,1,none,,unknown,unknown,unknown,none,unknown,unknown,unknown,unknown,,unknown,unknown,unknown,unknown,none,unknown,unknown,death,[cricsheet] 18.6 HV Patel → LS Livingstone runs=1
T20-IndvsEng-IndBat_i1_19_1,1,19,1,Umran Malik,LS Livingstone,wide,0,none,,unknown,unknown,unknown,none,unknown,unknown,unknown,unknown,,unknown,unknown,unknown,unknown,none,unknown,unknown,death,[cricsheet] 19.1 Umran Malik → LS Livingstone runs=1
T20-IndvsEng-IndBat_i1_19_2,1,19,2,Umran Malik,LS Livingstone,2,2,none,,unknown,unknown,unknown,none,unknown,unknown,unknown,unknown,,unknown,unknown,unknown,unknown,none,unknown,unknown,death,[cricsheet] 19.2 Umran Malik → LS Livingstone runs=2
T20-IndvsEng-IndBat_i1_19_3,1,19,3,Umran Malik,LS Livingstone,2,2,none,,unknown,unknown,unknown,none,unknown,unknown,unknown,unknown,,unknown,unknown,unknown,unknown,none,unknown,unknown,death,[cricsheet] 19.3 Umran Malik → LS Livingstone runs=2
T20-IndvsEng-IndBat_i1_19_4,1,19,4,Umran Malik,LS Livingstone,dot,0,none,,unknown,unknown,unknown,none,unknown,unknown,unknown,unknown,,unknown,unknown,unknown,unknown,none,unknown,unknown,death,[cricsheet] 19.4 Umran Malik → LS Livingstone runs=1
T20-IndvsEng-IndBat_i1_19_5,1,19,5,Umran Malik,CJ Jordan,4,4,none,,unknown,unknown,unknown,none,unknown,unknown,unknown,unknown,,unknown,unknown,unknown,unknown,none,unknown,unknown,death,[cricsheet] 19.5 Umran Malik → CJ Jordan runs=4
T20-IndvsEng-IndBat_i1_19_6,1,19,6,Umran Malik,CJ Jordan,6,6,none,,unknown,unknown,unknown,none,unknown,unknown,unknown,unknown,,unknown,unknown,unknown,unknown,none,unknown,unknown,death,[cricsheet] 19.6 Umran Malik → CJ Jordan runs=6
T20-IndvsEng-IndBat_i1_19_7,1,19,7,Umran Malik,CJ Jordan,wicket,1,run_out,RR Pant,unknown,unknown,unknown,none,unknown,unknown,unknown,unknown,,unknown,unknown,unknown,unknown,none,unknown,unknown,death,[cricsheet] 19.7 Umran Malik → CJ Jordan runs=1 WICKET (run out)
T20-IndvsEng-IndBat_i2_0_1,2,0,1,DJ Willey,RG Sharma,1,1,none,,pace,outside_off,good,none,over_the_wicket,in_swing,swing,none,130.0,new_ball,drive,front_foot,clean,none,deep_point,right_handed,powerplay,"[cricsheet+gemini-tech] Willey bowls a good length delivery outside off, Sharma drives it to deep point for a single."
T20-IndvsEng-IndBat_i2_0_2,2,0,2,DJ Willey,RR Pant,dot,0,none,,pace,outside_off,full,none,over_the_wicket,out_swing,swing,none,,new_ball,drive,front_foot,miss,none,none,left_handed,powerplay,"[cricsheet+gemini-tech] Willey bowls full outside off, Pant swings hard but misses."
T20-IndvsEng-IndBat_i2_0_3,2,0,3,DJ Willey,RR Pant,dot,0,none,,pace,outside_off,good,none,over_the_wicket,out_swing,swing,none,129.0,new_ball,drive,front_foot,miss,none,none,left_handed,powerplay,"[cricsheet+gemini-tech] Willey bowls a good length delivery outside off, Pant tries to drive but misses."
T20-IndvsEng-IndBat_i2_0_4,2,0,4,DJ Willey,RR Pant,dot,0,none,,pace,outside_off,good,none,over_the_wicket,out_swing,swing,none,131.0,new_ball,leave,front_foot,miss,none,none,left_handed,powerplay,"[cricsheet+gemini-tech] Willey bowls outside off, Pant leaves it alone."
T20-IndvsEng-IndBat_i2_0_5,2,0,5,DJ Willey,RR Pant,1,1,none,,pace,middle,good,none,over_the_wicket,in_swing,swing,none,,new_ball,defend,front_foot,clean,none,cover,left_handed,powerplay,"[cricsheet+gemini-tech] Willey bowls on middle, Pant defends it towards cover for a quick single."
T20-IndvsEng-IndBat_i2_0_6,2,0,6,DJ Willey,RG Sharma,dot,0,none,,pace,outside_off,good,none,over_the_wicket,in_swing,swing,none,131.0,new_ball,defend,front_foot,clean,none,cover,right_handed,powerplay,"[cricsheet+gemini-tech] Willey bowls outside off, Sharma defends it to the off side."
T20-IndvsEng-IndBat_i2_1_1,2,1,1,RJW Topley,RR Pant,wicket,0,caught,JC Buttler,pace,leg,short_of_length,none,over_the_wicket,none,seam,none,135.0,new_ball,pull,back_foot,edge,inside_edge,behind_wicket,left_handed,powerplay,"[cricsheet+gemini-tech] Topley bowls short of a length on leg stump, Pant tries to pull but gets an inside edge to the keeper."
T20-IndvsEng-IndBat_i2_1_2,2,1,2,RJW Topley,V Kohli,dot,0,none,,pace,outside_off,good,none,over_the_wicket,none,seam,none,135.0,new_ball,defend,front_foot,clean,none,cover,right_handed,powerplay,"[cricsheet+gemini-tech] Topley bowls outside off, Kohli defends it solidly to cover."
T20-IndvsEng-IndBat_i2_1_3,2,1,3,RJW Topley,V Kohli,1,1,none,,pace,middle,good,none,over_the_wicket,none,seam,none,137.0,new_ball,flick,front_foot,clean,none,square_leg,right_handed,powerplay,"[cricsheet+gemini-tech] Topley bowls on middle, Kohli flicks it to square leg for a single."
T20-IndvsEng-IndBat_i2_1_4,2,1,4,RJW Topley,RG Sharma,dot,0,none,,pace,outside_off,good,none,over_the_wicket,none,seam,none,134.0,new_ball,drive,front_foot,edge,inside_edge,behind_wicket,right_handed,powerplay,"[cricsheet+gemini-tech] Topley bowls outside off, Sharma tries to drive but gets an inside edge onto his pads."
T20-IndvsEng-IndBat_i2_1_5,2,1,5,RJW Topley,RG Sharma,dot,0,none,,pace,outside_off,good,none,over_the_wicket,none,seam,none,137.0,new_ball,drive,front_foot,mistimed,none,point,right_handed,powerplay,"[cricsheet+gemini-tech] Topley bowls outside off, Sharma mistimes a drive off the splice of the bat towards point."
T20-IndvsEng-IndBat_i2_1_6,2,1,6,RJW Topley,RG Sharma,dot,0,none,,pace,middle,good,none,over_the_wicket,none,seam,none,133.0,new_ball,flick,front_foot,clean,none,mid_wicket,right_handed,powerplay,"[cricsheet+gemini-tech] Topley bowls on middle, Sharma flicks it towards mid-wicket."
T20-IndvsEng-IndBat_i2_2_1,2,2,1,DJ Willey,V Kohli,dot,0,none,,pace,outside_off,good,none,over_the_wicket,none,none,none,137.0,new_ball,front_foot_defence,front_foot,clean,none,cover,right_handed,powerplay,"[cricsheet+gemini-tech] Willey bowls a good length delivery outside off, Kohli defends it on the front foot to cover."
T20-IndvsEng-IndBat_i2_2_2,2,2,2,DJ Willey,V Kohli,4,4,none,,pace,middle,full,none,over_the_wicket,none,none,none,131.0,new_ball,flick,front_foot,clean,none,long_on,right_handed,powerplay,"[cricsheet+gemini-tech] Willey bowls full on middle, Kohli flicks it beautifully over mid-on for a boundary."
T20-IndvsEng-IndBat_i2_2_3,2,2,3,DJ Willey,V Kohli,6,6,none,,pace,middle,full,none,over_the_wicket,none,none,none,133.0,new_ball,flick,front_foot,clean,none,long_on,right_handed,powerplay,"[cricsheet+gemini-tech] Willey bowls full on middle again, Kohli flicks it elegantly over mid-on for a six."
T20-IndvsEng-IndBat_i2_2_4,2,2,4,DJ Willey,V Kohli,wicket,0,caught,JJ Roy,pace,outside_off,short_of_length,none,over_the_wicket,none,none,none,136.0,new_ball,cut,back_foot,edge,outside_edge,point,right_handed,powerplay,"[cricsheet+gemini-tech] Kohli backs away to a short of length delivery outside off, slashes hard but edges it to point where Roy takes the catch."
T20-IndvsEng-IndBat_i2_2_5,2,2,5,DJ Willey,SA Yadav,1,1,none,,pace,leg,good,none,over_the_wicket,none,none,none,,new_ball,flick,front_foot,clean,none,deep_fine_leg,right_handed,powerplay,"[cricsheet+gemini-tech] Willey bowls on the pads, Yadav flicks it to fine leg for a single."
T20-IndvsEng-IndBat_i2_2_6,2,2,6,DJ Willey,RG Sharma,dot,0,none,,pace,outside_off,good,slower,over_the_wicket,none,none,none,121.0,new_ball,front_foot_defence,front_foot,clean,none,cover,right_handed,powerplay,"[cricsheet+gemini-tech] Willey bowls a slower delivery outside off, Sharma defends it solidly on the front foot."
T20-IndvsEng-IndBat_i2_3_1,2,3,1,RJ Gleeson,SA Yadav,dot,0,none,,pace,outside_off,good,none,over_the_wicket,none,none,none,134.0,new_ball,back_foot_defence,back_foot,clean,none,point,right_handed,powerplay,"[cricsheet+gemini-tech] Gleeson bowls a good length delivery outside off, Yadav defends it off the back foot to point."
T20-IndvsEng-IndBat_i2_3_2,2,3,2,RJ Gleeson,SA Yadav,1,1,none,,pace,middle,good,none,over_the_wicket,none,none,none,,new_ball,flick,front_foot,clean,none,square_leg,right_handed,powerplay,"[cricsheet+gemini-tech] Gleeson bowls on middle and leg, Yadav flicks it to square leg for a single."
T20-IndvsEng-IndBat_i2_3_3,2,3,3,RJ Gleeson,RG Sharma,1,1,none,,pace,outside_off,good,none,over_the_wicket,none,none,none,138.0,new_ball,late_cut,back_foot,clean,none,third_man,right_handed,powerplay,"[cricsheet+gemini-tech] Gleeson bowls outside off, Sharma opens the face of the bat and guides it to third man for a single."
T20-IndvsEng-IndBat_i2_3_4,2,3,4,RJ Gleeson,SA Yadav,dot,0,none,,pace,outside_off,good,none,over_the_wicket,none,none,none,142.0,new_ball,back_foot_defence,back_foot,clean,none,point,right_handed,powerplay,"[cricsheet+gemini-tech] Gleeson bowls a quick delivery outside off, Yadav defends it solidly off the back foot."
T20-IndvsEng-IndBat_i2_3_5,2,3,5,RJ Gleeson,SA Yadav,dot,0,none,,pace,outside_off,good,none,over_the_wicket,none,none,none,,new_ball,back_foot_defence,back_foot,clean,none,point,right_handed,powerplay,"[cricsheet+gemini-tech] Gleeson bowls outside off, Yadav defends it off the back foot to point."
T20-IndvsEng-IndBat_i2_3_6,2,3,6,RJ Gleeson,SA Yadav,4,4,none,,pace,outside_off,full,none,over_the_wicket,none,none,none,141.0,new_ball,cover_drive,front_foot,clean,none,deep_cover,right_handed,powerplay,"[cricsheet+gemini-tech] Gleeson overpitches outside off, Yadav leans into a beautiful cover drive for a boundary."
T20-IndvsEng-IndBat_i2_4_1,2,4,1,RJW Topley,RG Sharma,4,4,none,,pace,outside_off,full,none,over_the_wicket,none,none,none,135.0,new_ball,lofted,front_foot,clean,none,deep_cover,right_handed,powerplay,"[cricsheet+gemini-tech] Topley bowls full outside off, Rohit lofts it cleanly over extra cover for a boundary."
T20-IndvsEng-IndBat_i2_4_2,2,4,2,RJW Topley,RG Sharma,1,1,none,,pace,outside_off,short_of_length,none,over_the_wicket,none,none,none,137.0,new_ball,late_cut,back_foot,clean,none,third_man,right_handed,powerplay,"[cricsheet+gemini-tech] Topley bowls short of a length outside off, Rohit dabs it to short third man for a quick single."
T20-IndvsEng-IndBat_i2_4_3,2,4,3,RJW Topley,SA Yadav,wide,0,none,,unknown,unknown,unknown,none,unknown,unknown,unknown,unknown,,unknown,unknown,unknown,unknown,none,unknown,unknown,powerplay,[cricsheet] 4.3 RJW Topley → SA Yadav runs=1
T20-IndvsEng-IndBat_i2_4_4,2,4,4,RJW Topley,SA Yadav,1,1,none,,pace,outside_off,full,none,over_the_wicket,none,none,none,,new_ball,drive,front_foot,clean,none,point,right_handed,powerplay,"[cricsheet+gemini-tech] Topley bowls full outside off, SA Yadav drives it to point for a single."
T20-IndvsEng-IndBat_i2_4_5,2,4,5,RJW Topley,RG Sharma,4,4,none,,pace,outside_off,full,none,over_the_wicket,none,none,none,135.0,new_ball,drive,front_foot,clean,none,deep_point,right_handed,powerplay,"[cricsheet+gemini-tech] Topley bowls full outside off, Rohit slices a one-handed drive past point for four."
T20-IndvsEng-IndBat_i2_4_6,2,4,6,RJW Topley,RG Sharma,dot,0,none,,pace,outside_off,short_of_length,slower,over_the_wicket,none,none,none,,new_ball,pull,front_foot,miss,none,none,right_handed,powerplay,"[cricsheet+gemini-tech] Topley bowls a slower ball short of a length, Rohit attempts a pull but misses completely."
T20-IndvsEng-IndBat_i2_4_7,2,4,7,RJW Topley,RG Sharma,wicket,0,caught,PD Salt,pace,outside_off,short_of_length,cutter,over_the_wicket,none,none,none,116.0,new_ball,pull,front_foot,edge,top_edge,behind_wicket,right_handed,powerplay,"[cricsheet+gemini-tech] Topley bowls an off-cutter, Rohit tries to pull but gets a top edge that is caught by Salt."
T20-IndvsEng-IndBat_i2_5_1,2,5,1,RJ Gleeson,SA Yadav,dot,0,none,,pace,outside_off,good,none,over_the_wicket,none,none,none,143.0,new_ball,defend,back_foot,clean,none,point,right_handed,powerplay,"[cricsheet+gemini-tech] Gleeson bowls a good length delivery outside off, SA Yadav defends it to point."
T20-IndvsEng-IndBat_i2_5_2,2,5,2,RJ Gleeson,SA Yadav,dot,0,none,,pace,outside_off,good,none,over_the_wicket,none,none,none,,new_ball,defend,back_foot,clean,none,cover,right_handed,powerplay,"[cricsheet+gemini-tech] Gleeson bowls a good length delivery outside off, SA Yadav defends it to cover."
T20-IndvsEng-IndBat_i2_5_3,2,5,3,RJ Gleeson,SA Yadav,dot,0,none,,pace,outside_off,good,none,over_the_wicket,none,none,none,139.0,new_ball,defend,back_foot,clean,none,point,right_handed,powerplay,"[cricsheet+gemini-tech] Gleeson bowls a good length delivery outside off, SA Yadav defends it to point."
T20-IndvsEng-IndBat_i2_5_4,2,5,4,RJ Gleeson,SA Yadav,dot,0,none,,pace,leg,good,none,over_the_wicket,none,none,none,141.0,new_ball,flick,front_foot,miss,none,square_leg,right_handed,powerplay,"[cricsheet+gemini-tech] Gleeson bowls on the pads, SA Yadav misses the flick and it hits the pad for a leg bye."
T20-IndvsEng-IndBat_i2_5_5,2,5,5,RJ Gleeson,SS Iyer,1,1,none,,pace,middle,good,none,over_the_wicket,none,none,none,140.0,new_ball,on_drive,front_foot,clean,none,mid_on,right_handed,powerplay,"[cricsheet+gemini-tech] Gleeson bowls a good length delivery on middle, Iyer pushes it down to mid-on for a quick single."
T20-IndvsEng-IndBat_i2_5_6,2,5,6,RJ Gleeson,SA Yadav,1,1,none,,pace,outside_off,good,none,over_the_wicket,none,none,none,140.0,new_ball,cover_drive,front_foot,clean,none,cover,right_handed,powerplay,"[cricsheet+gemini-tech] Gleeson bowls outside off, Yadav drives it towards cover for a single to end the over."
T20-IndvsEng-IndBat_i2_6_1,2,6,1,DJ Willey,SA Yadav,4,4,none,,pace,outside_off,full,none,over_the_wicket,none,none,none,,new_ball,lofted,front_foot,clean,none,deep_cover,right_handed,middle_overs,"[cricsheet+gemini-tech] Willey bowls full and wide outside off, Yadav lofts it beautifully over the cover region for a boundary."
T20-IndvsEng-IndBat_i2_6_2,2,6,2,DJ Willey,SA Yadav,6,6,none,,pace,middle,full,none,over_the_wicket,none,none,none,,new_ball,lofted,front_foot,clean,none,deep_square_leg,right_handed,middle_overs,"[cricsheet+gemini-tech] Willey bowls full on middle and leg, Yadav picks it up and flicks it elegantly over deep square leg for a six."
T20-IndvsEng-IndBat_i2_6_3,2,6,3,DJ Willey,SA Yadav,1,1,none,,pace,middle,good,slower,over_the_wicket,none,none,none,123.0,new_ball,sweep,front_foot,clean,none,deep_square_leg,right_handed,middle_overs,"[cricsheet+gemini-tech] Willey bowls a slower good length ball, Yadav gets down on one knee and sweeps it towards deep square leg for a single."
T20-IndvsEng-IndBat_i2_6_4,2,6,4,DJ Willey,SS Iyer,1,1,none,,pace,outside_off,short_of_length,none,over_the_wicket,none,none,none,135.0,new_ball,cut,back_foot,clean,none,deep_point,right_handed,middle_overs,"[cricsheet+gemini-tech] Willey bowls short of a length outside off, Iyer cuts it off the back foot to deep point for a single."
T20-IndvsEng-IndBat_i2_6_5,2,6,5,DJ Willey,SA Yadav,1,1,none,,pace,outside_off,full,slower,over_the_wicket,none,none,none,121.0,new_ball,cover_drive,front_foot,clean,none,deep_cover,right_handed,middle_overs,"[cricsheet+gemini-tech] Willey bowls a slower full ball outside off, Yadav drives it firmly to deep cover for a single."
T20-IndvsEng-IndBat_i2_6_6,2,6,6,DJ Willey,SS Iyer,2,2,none,,pace,outside_off,full,slower,over_the_wicket,none,none,none,121.0,new_ball,cover_drive,front_foot,clean,none,deep_cover,right_handed,middle_overs,"[cricsheet+gemini-tech] Willey bowls another slower full ball outside off, Iyer drives it nicely through the cover region and they run two."
T20-IndvsEng-IndBat_i2_7_1,2,7,1,CJ Jordan,SA Yadav,1,1,none,,pace,outside_off,good,slower,over_the_wicket,none,none,none,122.0,old,cover_drive,front_foot,clean,none,deep_cover,right_handed,middle_overs,"[cricsheet+gemini-tech] Jordan bowls a slower good length delivery outside off, Yadav drives it towards deep cover for a single."
T20-IndvsEng-IndBat_i2_7_2,2,7,2,CJ Jordan,SS Iyer,dot,0,none,,pace,outside_off,good,slower,over_the_wicket,none,none,none,122.0,old,back_foot_defence,back_foot,clean,none,point,right_handed,middle_overs,"[cricsheet+gemini-tech] Jordan bowls a slower good length ball outside off, Iyer defends it off the back foot towards point."
T20-IndvsEng-IndBat_i2_7_3,2,7,3,CJ Jordan,SS Iyer,1,1,none,,pace,outside_off,short_of_length,none,over_the_wicket,none,none,none,,old,cut,back_foot,clean,none,deep_third,right_handed,middle_overs,"[cricsheet+gemini-tech] Jordan bowls short of a length outside off, Iyer cuts it to third man for a single."
T20-IndvsEng-IndBat_i2_7_4,2,7,4,CJ Jordan,SA Yadav,4,4,none,,pace,outside_off,good,none,over_the_wicket,none,none,none,141.0,old,lofted,front_foot,clean,none,deep_cover,right_handed,middle_overs,"[cricsheet+gemini-tech] Jordan bowls a good length delivery outside off, Yadav lofts it cleanly over extra cover for a boundary."
T20-IndvsEng-IndBat_i2_7_5,2,7,5,CJ Jordan,SA Yadav,1,1,none,,pace,middle,full,slower,over_the_wicket,none,none,none,122.0,old,on_drive,front_foot,mistimed,none,long_on,right_handed,middle_overs,"[cricsheet+gemini-tech] Jordan bowls a slower full delivery on middle, Yadav drives it in the air towards long on for a single."
T20-IndvsEng-IndBat_i2_7_6,2,7,6,CJ Jordan,SS Iyer,dot,0,none,,pace,middle,good,none,over_the_wicket,none,none,none,141.0,old,on_drive,front_foot,clean,none,mid_on,right_handed,middle_overs,"[cricsheet+gemini-tech] Jordan bowls a good length delivery on middle, Iyer drives it firmly to mid on for no run."
T20-IndvsEng-IndBat_i2_8_1,2,8,1,LS Livingstone,SA Yadav,4,4,none,,spin,outside_off,short,none,over_the_wicket,none,turn,leg_break,94.0,old,square_cut,back_foot,clean,none,deep_point,right_handed,middle_overs,"[cricsheet+gemini-tech] Livingstone bowls a short delivery outside off, Yadav cuts it powerfully behind square for a boundary."
T20-IndvsEng-IndBat_i2_8_2,2,8,2,LS Livingstone,SA Yadav,dot,0,none,,spin,leg,short,none,over_the_wicket,none,turn,leg_break,,old,pull,back_foot,mistimed,none,fine_leg,right_handed,middle_overs,"[cricsheet+gemini-tech] Livingstone bowls a short delivery on the leg stump, Yadav pulls it to short fine leg for no run."
T20-IndvsEng-IndBat_i2_8_3,2,8,3,LS Livingstone,SA Yadav,4,4,none,,spin,leg,short,none,over_the_wicket,none,turn,leg_break,,old,pull,back_foot,clean,none,deep_fine_leg,right_handed,middle_overs,"[cricsheet+gemini-tech] Livingstone bowls a short delivery down the leg side, Yadav pulls it fine for a boundary."
T20-IndvsEng-IndBat_i2_8_4,2,8,4,LS Livingstone,SA Yadav,wide,0,none,,unknown,unknown,unknown,none,unknown,unknown,unknown,unknown,,unknown,unknown,unknown,unknown,none,unknown,unknown,middle_overs,[cricsheet] 8.4 LS Livingstone → SA Yadav runs=1
T20-IndvsEng-IndBat_i2_8_5,2,8,5,LS Livingstone,SA Yadav,4,4,none,,spin,middle,full,none,over_the_wicket,none,turn,leg_break,89.0,old,slog_sweep,front_foot,clean,none,deep_mid_wicket,right_handed,middle_overs,"[cricsheet+gemini-tech] Livingstone bowls a full delivery on middle stump, Yadav slog sweeps it over mid wicket for a boundary."
T20-IndvsEng-IndBat_i2_8_6,2,8,6,LS Livingstone,SA Yadav,dot,0,none,,spin,outside_off,good,none,over_the_wicket,none,turn,leg_break,,old,cut,back_foot,miss,none,none,right_handed,middle_overs,"[cricsheet+gemini-tech] Livingstone bowls a good length delivery outside off, Yadav attempts to cut but misses."
T20-IndvsEng-IndBat_i2_8_7,2,8,7,LS Livingstone,SA Yadav,2,2,none,,spin,middle,full,none,over_the_wicket,none,turn,leg_break,88.0,old,on_drive,front_foot,clean,none,long_on,right_handed,middle_overs,"[cricsheet+gemini-tech] Livingstone bowls a full delivery on middle, Yadav drives it down the ground to long on for a couple of runs."
T20-IndvsEng-IndBat_i2_9_1,2,9,1,MM Ali,SS Iyer,2,2,none,,spin,middle,full,none,round_the_wicket,none,turn,off_break,,old,flick,front_foot,clean,none,deep_mid_wicket,right_handed,middle_overs,"[cricsheet+gemini-tech] Moeen Ali bowls full on middle, Iyer flicks it away to deep mid-wicket for a couple of runs."
T20-IndvsEng-IndBat_i2_9_2,2,9,2,MM Ali,SS Iyer,dot,0,none,,spin,outside_off,full,none,round_the_wicket,none,turn,off_break,85.0,old,drive,front_foot,miss,none,none,right_handed,middle_overs,"[cricsheet+gemini-tech] Moeen Ali tosses it up outside off, Iyer goes for a big drive but misses it completely."
T20-IndvsEng-IndBat_i2_9_3,2,9,3,MM Ali,SS Iyer,6,6,none,,spin,middle,full,none,round_the_wicket,none,none,off_break,,old,slog_sweep,front_foot,clean,none,deep_square_leg,right_handed,middle_overs,"[cricsheet+gemini-tech] A high full toss on middle and leg, Iyer swats it away over deep square leg for a massive six."
T20-IndvsEng-IndBat_i2_9_4,2,9,4,MM Ali,SS Iyer,dot,0,none,,spin,outside_off,full,none,round_the_wicket,none,turn,off_break,,old,drive,front_foot,clean,none,cover,right_handed,middle_overs,"[cricsheet+gemini-tech] Tossed up outside off, Iyer drives it firmly but straight to the fielder at cover."
T20-IndvsEng-IndBat_i2_9_5,2,9,5,MM Ali,SS Iyer,1,1,none,,spin,middle,full,none,round_the_wicket,none,turn,off_break,89.0,old,drive,front_foot,clean,none,long_on,right_handed,middle_overs,"[cricsheet+gemini-tech] Full delivery on middle, Iyer drives it down to long-on for a single."
T20-IndvsEng-IndBat_i2_9_6,2,9,6,MM Ali,SA Yadav,wide,0,none,,unknown,unknown,unknown,none,unknown,unknown,unknown,unknown,,unknown,unknown,unknown,unknown,none,unknown,unknown,middle_overs,[cricsheet] 9.6 MM Ali → SA Yadav runs=1
T20-IndvsEng-IndBat_i2_9_7,2,9,7,MM Ali,SA Yadav,1,1,none,,spin,middle,full,none,round_the_wicket,none,turn,off_break,,old,drive,front_foot,clean,none,long_on,right_handed,middle_overs,"[cricsheet+gemini-tech] Full on middle, Yadav drives it down to long-on for a single to end the over."
T20-IndvsEng-IndBat_i2_10_1,2,10,1,CJ Jordan,SA Yadav,1,1,none,,pace,middle,short_of_length,none,over_the_wicket,none,none,none,140.0,old,pull,back_foot,clean,none,deep_square_leg,right_handed,middle_overs,"[cricsheet+gemini-tech] Jordan bowls back of a length on middle, Yadav pulls it away to deep square leg for a single."
T20-IndvsEng-IndBat_i2_10_2,2,10,2,CJ Jordan,SS Iyer,1,1,none,,pace,outside_off,short_of_length,none,over_the_wicket,none,none,none,,old,cut,back_foot,clean,none,deep_third,right_handed,middle_overs,"[cricsheet+gemini-tech] Short of a length outside off, Iyer cuts it away to deep third man for a single."
T20-IndvsEng-IndBat_i2_10_3,2,10,3,CJ Jordan,SA Yadav,2,2,none,,pace,middle,full,none,over_the_wicket,none,none,none,145.0,old,flick,front_foot,clean,none,deep_mid_wicket,right_handed,middle_overs,"[cricsheet+gemini-tech] Full delivery on middle, Yadav flicks it away nicely to deep mid-wicket for a couple of runs."
T20-IndvsEng-IndBat_i2_10_4,2,10,4,CJ Jordan,SA Yadav,dot,0,none,,pace,outside_off,good,none,over_the_wicket,none,none,none,,old,drive,front_foot,clean,none,cover,right_handed,middle_overs,"[cricsheet+gemini-tech] Good length outside off, Yadav drives it firmly but straight to the fielder at cover."
T20-IndvsEng-IndBat_i2_10_5,2,10,5,CJ Jordan,SA Yadav,4,4,none,,pace,outside_off,full,none,over_the_wicket,none,none,none,145.0,old,lofted,front_foot,clean,none,deep_cover,right_handed,middle_overs,"[cricsheet+gemini-tech] Full and wide outside off, Yadav slices it extravagantly over point for a boundary."
T20-IndvsEng-IndBat_i2_10_6,2,10,6,CJ Jordan,SA Yadav,1,1,none,,pace,outside_off,yorker,yorker,over_the_wicket,none,none,none,,old,drive,front_foot,mistimed,none,cover,right_handed,middle_overs,"[cricsheet+gemini-tech] Yorker length outside off, Yadav squeezes it out towards cover for a single."
T20-IndvsEng-IndBat_i2_11_1,2,11,1,RJW Topley,SA Yadav,1,1,none,,pace,outside_off,full,none,over_the_wicket,none,none,none,131.0,old,cover_drive,front_foot,clean,none,deep_cover,right_handed,middle_overs,"[cricsheet+gemini-tech] Topley bowls full outside off, Yadav drives it firmly to deep cover for a single."
T20-IndvsEng-IndBat_i2_11_2,2,11,2,RJW Topley,SS Iyer,1,1,none,,pace,middle,short_of_length,none,over_the_wicket,none,none,none,135.0,old,pull,back_foot,clean,none,deep_square_leg,right_handed,middle_overs,"[cricsheet+gemini-tech] Topley bowls short of a length on middle, Iyer pulls it away to deep square leg for a single."
T20-IndvsEng-IndBat_i2_11_3,2,11,3,RJW Topley,SA Yadav,1,1,none,,pace,outside_off,full,none,over_the_wicket,none,none,none,139.0,old,cover_drive,front_foot,clean,none,deep_cover,right_handed,middle_overs,"[cricsheet+gemini-tech] Topley bowls full outside off, Yadav drives it to deep cover for another single."
T20-IndvsEng-IndBat_i2_11_4,2,11,4,RJW Topley,SS Iyer,dot,0,none,,pace,middle,good,none,over_the_wicket,none,none,none,,old,flick,front_foot,clean,none,mid_wicket,right_handed,middle_overs,"[cricsheet+gemini-tech] Topley bowls a good length on middle, Iyer flicks it straight to the fielder at mid-wicket."
T20-IndvsEng-IndBat_i2_11_5,2,11,5,RJW Topley,SS Iyer,1,1,none,,pace,outside_off,short_of_length,none,over_the_wicket,none,none,none,137.0,old,cut,back_foot,clean,none,point,right_handed,middle_overs,"[cricsheet+gemini-tech] Topley bowls short and wide outside off, Iyer cuts it towards point where the fielder makes a diving stop, but they scramble a single."
T20-IndvsEng-IndBat_i2_11_6,2,11,6,RJW Topley,SA Yadav,1,1,none,,pace,outside_off,full,none,over_the_wicket,none,none,none,,old,cover_drive,front_foot,clean,none,deep_cover,right_handed,middle_overs,"[cricsheet+gemini-tech] Topley bowls full outside off, Yadav drives it to deep cover for a single to end the over."
T20-IndvsEng-IndBat_i2_12_1,2,12,1,LS Livingstone,SA Yadav,6,6,none,,spin,leg,full,none,round_the_wicket,none,turn,unknown,88.0,old,sweep,front_foot,clean,none,deep_fine_leg,right_handed,middle_overs,"[cricsheet+gemini-tech] Livingstone bowls full on the pads, Yadav gets down on one knee and sweeps it brilliantly over fine leg for a six."
T20-IndvsEng-IndBat_i2_12_2,2,12,2,LS Livingstone,SA Yadav,1,1,none,,spin,middle,full,none,round_the_wicket,none,turn,unknown,90.0,old,sweep,front_foot,clean,none,deep_square_leg,right_handed,middle_overs,"[cricsheet+gemini-tech] Livingstone bowls full on middle, Yadav sweeps it along the ground to deep square leg for a single."
T20-IndvsEng-IndBat_i2_12_3,2,12,3,LS Livingstone,SS Iyer,6,6,none,,spin,middle,full,none,round_the_wicket,none,turn,unknown,89.0,old,lofted,front_foot,clean,none,long_off,right_handed,middle_overs,"[cricsheet+gemini-tech] Livingstone tosses it up, Iyer steps down the track and lofts it cleanly straight down the ground for a massive six."
T20-IndvsEng-IndBat_i2_12_4,2,12,4,LS Livingstone,SS Iyer,dot,0,none,,spin,outside_off,full,none,round_the_wicket,none,turn,unknown,89.0,old,reverse_sweep,front_foot,miss,none,none,right_handed,middle_overs,"[cricsheet+gemini-tech] Livingstone bowls full outside off, Iyer attempts a reverse sweep but completely misses the ball."
T20-IndvsEng-IndBat_i2_12_5,2,12,5,LS Livingstone,SS Iyer,no_ball,1,none,,unknown,unknown,unknown,none,unknown,unknown,unknown,unknown,,unknown,unknown,unknown,unknown,none,unknown,unknown,middle_overs,[cricsheet] 12.5 LS Livingstone → SS Iyer runs=2
T20-IndvsEng-IndBat_i2_12_6,2,12,6,LS Livingstone,SA Yadav,6,6,none,,unknown,unknown,unknown,unknown,unknown,unknown,unknown,unknown,,unknown,unknown,unknown,unknown,unknown,unknown,right_handed,middle_overs,[cricsheet+gemini-tech] This delivery is not shown in the provided video clip.
T20-IndvsEng-IndBat_i2_12_7,2,12,7,LS Livingstone,SA Yadav,dot,0,none,,unknown,unknown,unknown,unknown,unknown,unknown,unknown,unknown,,unknown,unknown,unknown,unknown,unknown,unknown,right_handed,middle_overs,[cricsheet+gemini-tech] This delivery is not shown in the provided video clip.
T20-IndvsEng-IndBat_i2_13_1,2,13,1,RJ Gleeson,SS Iyer,1,1,none,,pace,outside_off,short_of_length,none,over_the_wicket,none,none,none,132.0,old,cut,back_foot,clean,none,deep_third,right_handed,middle_overs,"[cricsheet+gemini-tech] Gleeson bowls short of a length outside off, Iyer cuts it off the back foot to deep third man for a single."
T20-IndvsEng-IndBat_i2_13_2,2,13,2,RJ Gleeson,SA Yadav,6,6,none,,pace,outside_off,short_of_length,none,over_the_wicket,none,none,none,130.0,old,upper_cut,back_foot,clean,none,deep_third,right_handed,middle_overs,"[cricsheet+gemini-tech] Gleeson bowls short of a length outside off, Yadav opens the bat face and plays an upper cut over short third man for a six."
T20-IndvsEng-IndBat_i2_13_3,2,13,3,RJ Gleeson,SA Yadav,1,1,none,,pace,outside_off,full,none,over_the_wicket,none,none,none,130.0,old,drive,front_foot,clean,none,deep_point,right_handed,middle_overs,"[cricsheet+gemini-tech] Gleeson bowls full outside off, Yadav lofts a drive over point, it lands safely and they run a single."
T20-IndvsEng-IndBat_i2_13_4,2,13,4,RJ Gleeson,SS Iyer,1,1,none,,pace,outside_off,full,none,over_the_wicket,none,none,none,132.0,old,drive,front_foot,clean,none,deep_cover,right_handed,middle_overs,"[cricsheet+gemini-tech] Gleeson bowls full outside off, Iyer drives it cleanly to deep cover for a single."
T20-IndvsEng-IndBat_i2_13_5,2,13,5,RJ Gleeson,SA Yadav,4,4,none,,pace,outside_off,full,slower,over_the_wicket,none,none,none,113.0,old,paddle_sweep,neutral,clean,none,fine_leg,right_handed,middle_overs,"[cricsheet+gemini-tech] Gleeson bowls a slower ball full outside off, Yadav shuffles across his stumps and paddle sweeps it past short fine leg for a boundary."
T20-IndvsEng-IndBat_i2_13_6,2,13,6,RJ Gleeson,SA Yadav,2,2,none,,pace,leg,full,slower,over_the_wicket,none,none,none,,old,flick,front_foot,clean,none,deep_mid_wicket,right_handed,middle_overs,"[cricsheet+gemini-tech] Gleeson bowls full on the pads, Yadav flicks it to deep mid-wicket and they run two."
T20-IndvsEng-IndBat_i2_14_1,2,14,1,CJ Jordan,SS Iyer,wide,0,none,,unknown,unknown,unknown,none,unknown,unknown,unknown,unknown,,unknown,unknown,unknown,unknown,none,unknown,unknown,middle_overs,[cricsheet] 14.1 CJ Jordan → SS Iyer runs=1
T20-IndvsEng-IndBat_i2_14_2,2,14,2,CJ Jordan,SS Iyer,1,1,none,,unknown,unknown,unknown,unknown,unknown,unknown,unknown,unknown,,unknown,unknown,unknown,unknown,unknown,unknown,unknown,middle_overs,[cricsheet+gemini-tech] Visual gap: This delivery is not shown in the broadcast video clip.
T20-IndvsEng-IndBat_i2_14_3,2,14,3,CJ Jordan,SA Yadav,4,4,none,,unknown,unknown,unknown,unknown,unknown,unknown,unknown,unknown,,unknown,unknown,unknown,unknown,unknown,unknown,unknown,middle_overs,[cricsheet+gemini-tech] Visual gap: This delivery is not shown in the broadcast video clip.
T20-IndvsEng-IndBat_i2_14_4,2,14,4,CJ Jordan,SA Yadav,4,4,none,,unknown,unknown,unknown,unknown,unknown,unknown,unknown,unknown,,unknown,unknown,unknown,unknown,unknown,unknown,unknown,middle_overs,[cricsheet+gemini-tech] Visual gap: This delivery is not shown in the broadcast video clip.
T20-IndvsEng-IndBat_i2_14_5,2,14,5,CJ Jordan,SA Yadav,1,1,none,,unknown,unknown,unknown,unknown,unknown,unknown,unknown,unknown,,unknown,unknown,unknown,unknown,unknown,unknown,unknown,middle_overs,[cricsheet+gemini-tech] Visual gap: This delivery is not shown in the broadcast video clip.
T20-IndvsEng-IndBat_i2_14_6,2,14,6,CJ Jordan,SS Iyer,1,1,none,,unknown,unknown,unknown,unknown,unknown,unknown,unknown,unknown,,unknown,unknown,unknown,unknown,unknown,unknown,unknown,middle_overs,[cricsheet+gemini-tech] Visual gap: This delivery is not shown in the broadcast video clip.
T20-IndvsEng-IndBat_i2_14_7,2,14,7,CJ Jordan,SA Yadav,6,6,none,,unknown,unknown,unknown,unknown,unknown,unknown,unknown,unknown,,unknown,unknown,unknown,unknown,unknown,unknown,unknown,middle_overs,[cricsheet+gemini-tech] Visual gap: This delivery is not shown in the broadcast video clip.
T20-IndvsEng-IndBat_i2_15_1,2,15,1,RJW Topley,SS Iyer,wicket,0,caught,JC Buttler,pace,outside_off,short_of_length,none,over_the_wicket,none,seam,none,136.0,old,late_cut,back_foot,edge,outside_edge,behind_wicket,right_handed,death,"[cricsheet+gemini-tech] Topley bowls a short of length delivery outside off, Iyer backs away and tries to steer it late to third man but gets an outside edge to the keeper."
T20-IndvsEng-IndBat_i2_15_2,2,15,2,RJW Topley,KD Karthik,dot,0,none,,unknown,unknown,unknown,unknown,unknown,unknown,unknown,unknown,,unknown,unknown,unknown,unknown,unknown,unknown,unknown,death,[cricsheet+gemini-tech] Delivery not shown in the video clip.
T20-IndvsEng-IndBat_i2_15_3,2,15,3,RJW Topley,KD Karthik,dot,0,none,,unknown,unknown,unknown,unknown,unknown,unknown,unknown,unknown,,unknown,unknown,unknown,unknown,unknown,unknown,unknown,death,[cricsheet+gemini-tech] Delivery not shown in the video clip.
T20-IndvsEng-IndBat_i2_15_4,2,15,4,RJW Topley,KD Karthik,dot,0,none,,unknown,unknown,unknown,unknown,unknown,unknown,unknown,unknown,,unknown,unknown,unknown,unknown,unknown,unknown,unknown,death,[cricsheet+gemini-tech] Delivery not shown in the video clip.
T20-IndvsEng-IndBat_i2_15_5,2,15,5,RJW Topley,KD Karthik,1,1,none,,unknown,unknown,unknown,unknown,unknown,unknown,unknown,unknown,,unknown,unknown,unknown,unknown,unknown,unknown,unknown,death,[cricsheet+gemini-tech] Delivery not shown in the video clip.
T20-IndvsEng-IndBat_i2_15_6,2,15,6,RJW Topley,SA Yadav,4,4,none,,unknown,unknown,unknown,unknown,unknown,unknown,unknown,unknown,,unknown,unknown,unknown,unknown,unknown,unknown,unknown,death,[cricsheet+gemini-tech] Delivery not shown in the video clip.
T20-IndvsEng-IndBat_i2_16_1,2,16,1,DJ Willey,KD Karthik,4,4,none,,pace,outside_off,full,none,over_the_wicket,none,none,none,130.0,old,lofted,front_foot,clean,none,deep_cover,right_handed,death,"[cricsheet+gemini-tech] Willey bowls full outside off, Karthik steps across and lofts it cleanly over the off-side infield for a boundary."
T20-IndvsEng-IndBat_i2_16_2,2,16,2,DJ Willey,KD Karthik,wide,0,none,,unknown,unknown,unknown,none,unknown,unknown,unknown,unknown,,unknown,unknown,unknown,unknown,none,unknown,unknown,death,[cricsheet] 16.2 DJ Willey → KD Karthik runs=1
T20-IndvsEng-IndBat_i2_16_3,2,16,3,DJ Willey,KD Karthik,1,1,none,,pace,leg,full,none,over_the_wicket,none,none,none,133.0,old,flick,front_foot,clean,none,deep_square_leg,right_handed,death,"[cricsheet+gemini-tech] Willey bowls a full delivery on the pads, Karthik flicks it away to deep square leg for a single."
T20-IndvsEng-IndBat_i2_16_4,2,16,4,DJ Willey,SA Yadav,4,4,none,,pace,outside_off,full,none,over_the_wicket,none,none,none,132.0,old,square_drive,front_foot,clean,none,deep_third,right_handed,death,"[cricsheet+gemini-tech] Willey bowls a wide full delivery, Yadav reaches out and slices it perfectly past backward point for a boundary to bring up his century."
T20-IndvsEng-IndBat_i2_16_5,2,16,5,DJ Willey,SA Yadav,1,1,none,,unknown,unknown,unknown,unknown,unknown,unknown,unknown,unknown,,unknown,unknown,unknown,unknown,unknown,unknown,right_handed,death,[cricsheet+gemini-tech] Delivery not shown in the video clip.
T20-IndvsEng-IndBat_i2_16_6,2,16,6,DJ Willey,KD Karthik,wicket,0,lbw,,unknown,unknown,unknown,unknown,unknown,unknown,unknown,unknown,,unknown,unknown,unknown,unknown,unknown,unknown,right_handed,death,[cricsheet+gemini-tech] Delivery not shown in the video clip.
T20-IndvsEng-IndBat_i2_16_7,2,16,7,DJ Willey,RA Jadeja,1,1,none,,unknown,unknown,unknown,unknown,unknown,unknown,unknown,unknown,,unknown,unknown,unknown,unknown,unknown,unknown,left_handed,death,[cricsheet+gemini-tech] Delivery not shown in the video clip.
T20-IndvsEng-IndBat_i2_17_1,2,17,1,RJ Gleeson,RA Jadeja,dot,0,none,,pace,outside_off,yorker,none,over_the_wicket,none,none,none,,old,lofted,front_foot,miss,none,none,left_handed,death,"[cricsheet+gemini-tech] Gleeson bowls a full delivery outside off, Jadeja swings hard trying to loft it but misses completely."
T20-IndvsEng-IndBat_i2_17_2,2,17,2,RJ Gleeson,RA Jadeja,6,6,none,,pace,middle,full,none,over_the_wicket,none,none,none,,old,lofted,front_foot,clean,none,straight,left_handed,death,"[cricsheet+gemini-tech] Gleeson bowls a full toss on middle, Jadeja stays on the front foot and lofts it cleanly straight down the ground for a six."
T20-IndvsEng-IndBat_i2_17_3,2,17,3,RJ Gleeson,RA Jadeja,wicket,0,lbw,,pace,middle,yorker,none,over_the_wicket,none,none,none,,old,flick,front_foot,miss,none,none,left_handed,death,"[cricsheet+gemini-tech] Gleeson bowls a full, straight delivery, Jadeja misses his flick and is struck on the pad, given out LBW."
T20-IndvsEng-IndBat_i2_17_4,2,17,4,RJ Gleeson,HV Patel,dot,0,none,,unknown,unknown,unknown,unknown,unknown,unknown,unknown,unknown,,unknown,unknown,unknown,unknown,unknown,unknown,right_handed,death,[cricsheet+gemini-tech] Delivery not shown in the video clip.
T20-IndvsEng-IndBat_i2_17_5,2,17,5,RJ Gleeson,HV Patel,1,1,none,,unknown,unknown,unknown,unknown,unknown,unknown,unknown,unknown,,unknown,unknown,unknown,unknown,unknown,unknown,right_handed,death,[cricsheet+gemini-tech] Delivery not shown in the video clip.
T20-IndvsEng-IndBat_i2_17_6,2,17,6,RJ Gleeson,SA Yadav,1,1,none,,unknown,unknown,unknown,unknown,unknown,unknown,unknown,unknown,,unknown,unknown,unknown,unknown,unknown,unknown,right_handed,death,[cricsheet+gemini-tech] Delivery not shown in the video clip.
T20-IndvsEng-IndBat_i2_18_1,2,18,1,MM Ali,SA Yadav,wide,0,none,,unknown,unknown,unknown,none,unknown,unknown,unknown,unknown,,unknown,unknown,unknown,unknown,none,unknown,unknown,death,[cricsheet] 18.1 MM Ali → SA Yadav runs=1
T20-IndvsEng-IndBat_i2_18_2,2,18,2,MM Ali,SA Yadav,4,4,none,,spin,outside_off,full,none,round_the_wicket,none,none,off_break,89.0,old,lofted,front_foot,clean,none,deep_cover,right_handed,death,[cricsheet+gemini-tech] Moeen Ali bowls full and wide outside off from round the wicket. Suryakumar Yadav reaches out and lofts it cleanly over the infield for a boundary through the cover region.
T20-IndvsEng-IndBat_i2_18_3,2,18,3,MM Ali,SA Yadav,6,6,none,,spin,outside_off,full,none,round_the_wicket,none,none,off_break,89.0,old,lofted,front_foot,clean,none,deep_cover,right_handed,death,[cricsheet+gemini-tech] Another full delivery wide outside off. Suryakumar Yadav gets under it and lofts it magnificently over extra cover for a massive six.
T20-IndvsEng-IndBat_i2_18_4,2,18,4,MM Ali,SA Yadav,wide,0,none,,unknown,unknown,unknown,none,unknown,unknown,unknown,unknown,,unknown,unknown,unknown,unknown,none,unknown,unknown,death,[cricsheet] 18.4 MM Ali → SA Yadav runs=1
T20-IndvsEng-IndBat_i2_18_5,2,18,5,MM Ali,SA Yadav,4,4,none,,spin,outside_off,full,none,round_the_wicket,none,none,off_break,92.0,old,square_drive,back_foot,clean,none,deep_point,right_handed,death,"[cricsheet+gemini-tech] Moeen fires it full and wide outside off. Suryakumar stays deep in his crease, opens the face of the bat, and slices it perfectly past point for another boundary."
T20-IndvsEng-IndBat_i2_18_6,2,18,6,MM Ali,SA Yadav,dot,0,none,,spin,outside_off,full,none,round_the_wicket,none,none,off_break,102.0,old,drive,front_foot,clean,none,point,right_handed,death,[cricsheet+gemini-tech] Full and wide again. Suryakumar drives it firmly but straight to the fielder at point. No run taken.
T20-IndvsEng-IndBat_i2_18_7,2,18,7,MM Ali,SA Yadav,wicket,0,caught,PD Salt,spin,outside_off,full,none,round_the_wicket,none,none,off_break,99.0,old,lofted,front_foot,mistimed,none,long_off,right_handed,death,[cricsheet+gemini-tech] Moeen bowls full and wide outside off. Suryakumar tries to loft it down the ground but gets it off the toe end of the bat. Phil Salt takes a good diving catch at long-off.
T20-IndvsEng-IndBat_i2_18_8,2,18,8,MM Ali,HV Patel,4,4,none,,unknown,unknown,unknown,unknown,unknown,unknown,unknown,unknown,,unknown,unknown,unknown,unknown,unknown,unknown,unknown,death,[cricsheet+gemini-tech] Not visible in the video clip.
T20-IndvsEng-IndBat_i2_19_1,2,19,1,CJ Jordan,Avesh Khan,1,1,none,,pace,outside_off,full,none,over_the_wicket,none,none,none,,old,lofted,front_foot,mistimed,none,deep_mid_wicket,right_handed,death,"[cricsheet+gemini-tech] CJ Jordan bowls a full delivery outside off, Avesh Khan swings hard across the line and mistimes it towards deep mid-wicket for a single."
T20-IndvsEng-IndBat_i2_19_2,2,19,2,CJ Jordan,HV Patel,dot,0,none,,pace,outside_off,full,none,over_the_wicket,none,none,none,,old,lofted,front_foot,miss,none,none,right_handed,death,"[cricsheet+gemini-tech] Jordan bowls a full delivery outside off, Harshal Patel attempts a big heave but misses the ball completely."
T20-IndvsEng-IndBat_i2_19_3,2,19,3,CJ Jordan,HV Patel,dot,0,none,,pace,outside_off,full,none,over_the_wicket,none,none,none,,old,lofted,front_foot,miss,none,none,right_handed,death,"[cricsheet+gemini-tech] Jordan bowls another full delivery wide outside off, Harshal Patel swings hard again but fails to make contact."
T20-IndvsEng-IndBat_i2_19_4,2,19,4,CJ Jordan,HV Patel,wicket,0,caught,RJ Gleeson,pace,outside_off,full,none,over_the_wicket,none,none,none,140.0,old,lofted,front_foot,mistimed,none,point,right_handed,death,"[cricsheet+gemini-tech] Jordan bowls full outside off, Harshal Patel tries to loft it but slices it high in the air towards point, where Gleeson takes a comfortable catch."
T20-IndvsEng-IndBat_i2_19_5,2,19,5,CJ Jordan,Ravi Bishnoi,2,2,none,,pace,outside_off,full,none,over_the_wicket,none,none,none,143.0,old,lofted,front_foot,mistimed,none,deep_point,right_handed,death,"[cricsheet+gemini-tech] Jordan bowls full outside off, Ravi Bishnoi slices it over point, the fielder dives to save the boundary, resulting in two runs."
T20-IndvsEng-IndBat_i2_19_6,2,19,6,CJ Jordan,Ravi Bishnoi,wicket,0,bowled,,pace,middle,yorker,none,over_the_wicket,in_swing,swing,none,,old,defend,front_foot,miss,none,none,right_handed,death,"[cricsheet+gemini-tech] Jordan bowls an in-swinging yorker on middle stump, Ravi Bishnoi tries to dig it out but misses, and the ball crashes into the stumps."
